t_start,t_end,Mean(R),Std(R),Quantile.0.025(R),Quantile.0.05(R),Quantile.0.25(R),Median(R),Quantile.0.75(R),Quantile.0.95(R),Quantile.0.975(R),date_start,date_end
2,8,2.4997071777801048,0.5891866321296663,1.4814848967165442,1.615686360596879,2.0812172442805745,2.453571806890648,2.86797067269808,3.5411449147766567,3.779924823065741,2020-03-04,2020-03-10
3,9,2.935292325416308,0.5648972714097827,1.9343761382442899,2.0718933769016714,2.537153939159095,2.899134762431031,3.2940491900859876,3.922051512391979,4.141591374817471,2020-03-05,2020-03-11
4,10,3.917681034219268,0.5596687191741812,2.8983219962556577,3.044749459985588,3.5270904054548864,3.891062614254275,4.279268259550977,4.8814199593098895,5.088271029566982,2020-03-06,2020-03-12
5,11,3.0704772384523005,0.39639690698115665,2.3430976051578174,2.4488242470902475,2.794637438824179,3.0534359818453676,3.3277472442481377,3.7502644612653806,3.8946803958372858,2020-03-07,2020-03-13
6,12,2.3203538527897853,0.28780447428382827,1.7908001166022591,1.8681031649834015,2.1202984800539846,2.3084655115953026,2.5074541486654627,2.813159941200751,2.917454836612846,2020-03-08,2020-03-14
7,13,2.1388579732036024,0.2453438357837034,1.6851768124559052,1.7519242920024367,1.968664548911465,2.129484366944061,2.2988361602081095,2.5577680222122,2.645799661639708,2020-03-09,2020-03-15
8,14,2.147355597471126,0.2226704025986549,1.7331931081802137,1.7946840659620409,1.993269046563806,2.139663905951752,2.2930593611895995,2.5262656207505634,2.6052233705148553,2020-03-10,2020-03-16
9,15,2.0027324795691728,0.1945225743489246,1.639673258058303,1.6938669992873938,1.8683240619098151,1.9964381116655374,2.1302807678627933,2.333069646645045,2.401557794481964,2020-03-11,2020-03-17
10,16,1.9534970751350498,0.17542921609402598,1.624817797429068,1.6741715945100868,1.8324850217487887,1.948248255904762,2.068788339801881,2.25072748345598,2.312001910179506,2020-03-12,2020-03-18
11,17,1.7932363856499032,0.15433721460967234,1.503511838672358,1.547147138424495,1.6868658373870544,1.7888105903387181,1.8947830995825674,2.054422985538537,2.108110001226694,2020-03-13,2020-03-19
12,18,1.8131620116048655,0.14424742457229703,1.541463343133784,1.5825970369420426,1.713896685950036,1.8093382132981564,1.9082595347232887,2.0567707229562533,2.106589268260262,2020-03-14,2020-03-20
13,19,1.6376915306119098,0.12749411274436404,1.3973371426406678,1.4337748078242278,1.5499904190002756,1.6343842537301458,1.7217878065205667,1.8528900170433322,1.8968394575451257,2020-03-15,2020-03-21
14,20,1.6193859345698425,0.11938271498135192,1.393844202564389,1.4281481307186876,1.5373447836542047,1.6164532110953895,1.6982304547334603,1.8206277951850627,1.8615929452364157,2020-03-16,2020-03-22
15,21,1.6302499256844674,0.11331020267356214,1.4157168542767677,1.448454820900084,1.5524601671208282,1.6276254773756276,1.7051790285522017,1.8209974761513041,1.859696608268023,2020-03-17,2020-03-23
16,22,1.6213715597192009,0.10667841658768125,1.4190109727953124,1.449981190705554,1.5481999074054,1.619032519364455,1.691993621486253,1.8007407778980393,1.837023991775479,2020-03-18,2020-03-24
17,23,1.470484303416408,0.09592381921029586,1.2884720848899893,1.3163403211789915,1.4046982462307034,1.4683990368640234,1.5339973835032799,1.6317414681589322,1.6643462815760286,2020-03-19,2020-03-25
18,24,1.7674529628260567,0.10054688606364602,1.5758569763864134,1.6053831687931588,1.698636067028692,1.7655466914080873,1.834191939267738,1.9360253235402405,1.9698816890409407,2020-03-20,2020-03-26
19,25,1.8673418827050168,0.0966872976692108,1.682623609208157,1.7112020117005216,1.8012497042965978,1.8656733885817727,1.9316153055467102,2.029173211353705,2.0615417492410986,2020-03-21,2020-03-27
20,26,1.7027108055963827,0.08513554027981914,1.5399158881659456,1.5651367702232608,1.6445406146726593,1.7012920903281656,1.7593345078067517,1.8451242648329387,1.8735679100349547,2020-03-22,2020-03-28
21,27,1.5018179829053417,0.07471823729584824,1.3589250086505689,1.3810667985103091,1.450768717031772,1.5005790410776783,1.5515167236122671,1.6267953598355642,1.651751541033299,2020-03-23,2020-03-29
22,28,1.466479952300094,0.07039329033173765,1.3317394031749767,1.3526458766464464,1.4184064877863292,1.46535377753234,1.5133258099296059,1.5841555538953758,1.6076202733202398,2020-03-24,2020-03-30
23,29,1.49156456112313,0.0680802963418693,1.3610967787201675,1.3813766823015652,1.445098009280587,1.4905288803750276,1.5369021448092999,1.6052852751814486,1.6279178768066938,2020-03-25,2020-03-31
24,30,1.5339317315361083,0.0660099116717606,1.4072658326855867,1.4269938398257467,1.4889076880633234,1.5329849640762245,1.5779237232280654,1.6440991603713304,1.6659779058560666,2020-03-26,2020-04-01
25,31,1.3946307540150766,0.05990452027934035,1.2796758649632336,1.297580980089017,1.3537718905186171,1.3937731413643164,1.4345547514077743,1.4946059472373436,1.514459271388338,2020-03-27,2020-04-02
26,32,1.3148671868673607,0.055964463995061234,1.2074521107438658,1.2241877980647853,1.2766994465483004,1.3140732702383768,1.3521694941367104,1.408254719750028,1.4267939224229549,2020-03-28,2020-04-03
27,33,1.4192502156654878,0.05649945899165318,1.3106588044357992,1.3276130403572557,1.3807442903557312,1.418500550133453,1.4569389408050621,1.5134445862874155,1.5321018289797639,2020-03-29,2020-04-04
28,34,1.3842407496974152,0.053759456050222275,1.2808653846190932,1.2970170947435244,1.3476112030037752,1.383544863846508,1.4201117193468704,1.4738381503477562,1.4915707013156756,2020-03-30,2020-04-05
29,35,1.3662210127675691,0.05145486014204869,1.2672191896625506,1.2827012598046212,1.3311721356994322,1.365575099710999,1.4005657860567857,1.4519440475207166,1.4688934407291316,2020-03-31,2020-04-06
30,36,1.469247202981288,0.05156046886990226,1.3699151010433164,1.3854788486406007,1.4341492665608238,1.4686441077719232,1.5036877080547697,1.5550727806434843,1.572006591947197,2020-04-01,2020-04-07
31,37,1.4492947289555502,0.04905119483977953,1.354738082264003,1.3695674673450895,1.415915494114363,1.448741389394782,1.4820707696301907,1.5309094911183265,1.5469959132489441,2020-04-02,2020-04-08
32,38,1.4088842936910437,0.0462988105987727,1.3195898443949625,1.3336042660167442,1.3773859435068958,1.408377168386235,1.4398298269054255,1.48589417954847,1.5010606549730676,2020-04-03,2020-04-09
33,39,1.3300208764864088,0.043265582346205284,1.24656271422193,1.2596644074913121,1.3005886088234573,1.3295517627505948,1.3589417633043577,1.401977541992269,1.4161449378029338,2020-04-04,2020-04-10
34,40,1.2607056481572283,0.040816852421635574,1.1819650062137907,1.1943275409621525,1.2329402677823076,1.260265177399923,1.2879908712824648,1.328586247559644,1.3419494159590706,2020-04-05,2020-04-11
35,41,1.3209297057500164,0.04078420140688493,1.2421934236102887,1.2545691445045852,1.2931971794898165,1.3205099869515144,1.348204695448699,1.3887219713773797,1.4020511865027718,2020-04-06,2020-04-12
36,42,1.4054936082576013,0.04088087066306228,1.3265006935277839,1.3389333245852193,1.377708094971016,1.4050972678395415,1.432847068721986,1.4734058494773183,1.486738868847199,2020-04-07,2020-04-13
37,43,1.3103743281379514,0.0380018245748829,1.2369413919339622,1.248499680574829,1.2845461856454965,1.3100069861139594,1.3358020290665027,1.3735020167393386,1.385894816610861,2020-04-08,2020-04-14
38,44,1.2994680145566833,0.03668121658402803,1.2285598333590617,1.239727150198194,1.274542381105081,1.2991228866316546,1.3240174217630782,1.3603861451303059,1.3723375095680161,2020-04-09,2020-04-15
39,45,1.350351053123434,0.036376597832442445,1.2799868706047672,1.2910791393258896,1.3256406163031942,1.3500244220234126,1.3747054266123644,1.4107371381863143,1.4225714362513973,2020-04-10,2020-04-16
40,46,1.480224830128631,0.036867625415834916,1.4088392323358387,1.4201094931072262,1.4551939723666856,1.4799187568443515,1.5049220339785836,1.5413842130843436,1.5533498035461273,2020-04-11,2020-04-17
41,47,1.3804046431721229,0.03404516982089099,1.3144761508799485,1.3248867297257472,1.3572915158722754,1.3801247658658855,1.4032126730017762,1.4368772454475438,1.447923642913711,2020-04-12,2020-04-18
42,48,1.2889993145315932,0.03165631970268762,1.227693675725843,1.2373750212333479,1.2675085479918446,1.2887401763663877,1.3102075915430345,1.3415075533995333,1.3517776029583464,2020-04-13,2020-04-19
43,49,1.2518109993093998,0.030351950582611836,1.1930223428548228,1.202308355930912,1.2312074055116629,1.2515656990194743,1.2721471883113769,1.3021503858484125,1.3119936667478642,2020-04-14,2020-04-20
44,50,1.1927704421313885,0.028954491832917383,1.136689311847751,1.1455474680019047,1.1731153297934844,1.1925361603043185,1.2121701610407432,1.2407925743780743,1.2501829668240463,2020-04-15,2020-04-21
45,51,1.146296846923692,0.027883914699601876,1.0922906248910322,1.1008207268804833,1.1273682259968354,1.146070760800666,1.164979008671441,1.192544168749606,1.201587888161613,2020-04-16,2020-04-22
46,52,1.05303491382489,0.026383650344159324,1.0019528337257115,1.0100167178981643,1.0351213466448834,1.0528145757348768,1.0707082880294674,1.0968047045744918,1.105369147204957,2020-04-17,2020-04-23
47,53,0.9210217976861989,0.02457150436813446,0.8734863978580326,0.8809813657928223,0.9043316193963368,0.9208032963952668,0.9374737857879287,0.96180755922565,0.969798911181149,2020-04-18,2020-04-24
48,54,0.9139955106564945,0.02471160844097226,0.8661975376268415,0.8737319000796621,0.8972086163525708,0.9137728118486302,0.9305396391323357,0.9550187691032379,0.9630590509731786,2020-04-19,2020-04-25
49,55,0.8831068306123551,0.024587727358311617,0.8355674124611876,0.8430565345237988,0.8664006262240735,0.8828786481184301,0.8995642916202503,0.9239354801500593,0.9319429783738999,2020-04-20,2020-04-26
50,56,0.8118696099633316,0.023888852724368966,0.7657176038953762,0.7729796020048582,0.7956316576564647,0.8116353161848522,0.8278521574809641,0.85155881795336,0.8593530737022124,2020-04-21,2020-04-27
51,57,0.8188390172340363,0.02447842580494335,0.7715589890268438,0.7789958775963585,0.8021983105456786,0.8185951102815334,0.8352138399402207,0.8595141485429405,0.8675051329019967,2020-04-22,2020-04-28
52,58,0.8073118346251213,0.02480809057933371,0.7594148961394092,0.7669441289394894,0.7904434085738328,0.8070577374757053,0.8239032686494501,0.8485462920182271,0.8566527690422427,2020-04-23,2020-04-29
53,59,0.8450536049174034,0.025894614793235408,0.7950567667087188,0.8029166049363049,0.8274467803399295,0.8447891271183722,0.8623721214559573,0.8880927660526002,0.8965534308310916,2020-04-24,2020-04-30
54,60,0.8707197859036628,0.026718751140159147,0.8191328271169983,0.8272423812023182,0.8525523955639515,0.8704465055573617,0.888589272540036,0.9151293781720105,0.9238597559004683,2020-04-25,2020-05-01
55,61,0.914626901778712,0.02772870091224308,0.8610801996796276,0.8695001457079649,0.8957745784105869,0.9143467004708745,0.933173776720807,0.9607094534215045,0.9697659463272856,2020-04-26,2020-05-02
56,62,0.9593666950065822,0.028628247256003863,0.9040698350676085,0.912768072763947,0.9399051593746842,0.9590819469941138,0.9785178256238414,1.0069366219554894,1.0162817362290415,2020-04-27,2020-05-03
57,63,0.9576152687635909,0.028691183736634217,0.9022001479092973,0.9109162063330609,0.9381103471472594,0.9573287444333399,0.976807849046808,1.0052916951392177,1.0146586653072047,2020-04-28,2020-05-04
58,64,0.956106323307722,0.028749389512647376,0.9005817586569548,0.9093143267656666,0.9365612901150164,0.9558181813311065,0.9753372518126218,1.0038812017860377,1.0132683563600442,2020-04-29,2020-05-05
59,65,0.9649863817872972,0.02899020619253484,0.9089959671139521,0.917801979592777,0.9452777685510122,0.9646960885399053,0.9843785452149512,1.0131610041157062,1.0226264902511315,2020-04-30,2020-05-06
60,66,0.9000437713935221,0.028085257430387464,0.8458323891934497,0.8543512086773863,0.880944691720359,0.8997516610984188,0.9188244210225058,0.9467327527483308,0.955915171904044,2020-05-01,2020-05-07
61,67,0.8843727939343929,0.028093027648752752,0.8301615274799596,0.838676754618831,0.8652656856550546,0.884075343584166,0.9031556512351512,0.9310834675590536,0.9402744246627553,2020-05-02,2020-05-08
62,68,0.8781223572581859,0.028341277213277945,0.8234458563728485,0.8320308939505071,0.8588438991625607,0.8778174724902835,0.8970684603634981,0.9252538146284396,0.9345314703475383,2020-05-03,2020-05-09
63,69,0.9154378570152066,0.0293024517461709,0.8588995840140573,0.8677787113576184,0.8955069360563781,0.9151252264639491,0.9350279791651798,0.9641634183238967,0.973752760673226,2020-05-04,2020-05-10
64,70,0.8831241255352602,0.0290369423805852,0.8271223650430142,0.8359115099316373,0.8633694080484144,0.8828059030031222,0.9025319488533292,0.9314222319424168,0.9409342937471056,2020-05-05,2020-05-11
65,71,0.8418023417892344,0.028655284965945382,0.7865685350813925,0.7952296224804193,0.8223015096649559,0.8414772183772432,0.860948757750375,0.8894840919815867,0.8988837709969897,2020-05-06,2020-05-12
66,72,0.8749514709397528,0.029680695769817796,0.817737808916061,0.8267101444514213,0.8547534196854828,0.8746158776214689,0.8947836927448669,0.9243375422391493,0.9340722543997166,2020-05-07,2020-05-13
67,73,0.8997013638109546,0.030502732947903857,0.8409025407882734,0.8501235984928338,0.8789440099990995,0.8993566741344213,0.9200829722442065,0.9504549025859137,0.9604590014052126,2020-05-08,2020-05-14
68,74,0.9086640783426555,0.03094922132748446,0.8490092353002764,0.8583634369418296,0.8876020437581931,0.9083127242882687,0.9293431028229164,0.9601632261743251,0.9703156082471242,2020-05-09,2020-05-15
69,75,0.9894600993109891,0.0325684758768501,0.926648399030962,0.9365060609969157,0.967302570616782,0.9891027874482254,1.0112281226048807,1.0436329662954675,1.0543023456602594,2020-05-10,2020-05-16
70,76,1.0129270477407533,0.03298544304473849,0.9493000915235115,0.9592883220417117,0.9904878505596819,1.0125690189781038,1.034975957817661,1.0677870473861304,1.0785886246458707,2020-05-11,2020-05-17
71,77,1.0839378919886395,0.03402290381389907,1.018271399950414,1.0285888670793348,1.0607998906591245,1.083581939743934,1.1066878691365625,1.1405011071481241,1.151627206117414,2020-05-12,2020-05-18
72,78,1.1510201289627098,0.03475198409604798,1.0839066672649118,1.0944608981289121,1.1273935363656173,1.1506704000259502,1.174265480754334,1.208772321237942,1.22012104849656,2020-05-13,2020-05-19
73,79,1.1392839430310404,0.03402743164324661,1.0735591610239419,1.0838975136258182,1.116151873995452,1.1389451908164658,1.1620467368563563,1.1958258910301836,1.2069338042602786,2020-05-14,2020-05-20
74,80,1.1314426375294104,0.033393473590122465,1.0669310670647838,1.0770812571382604,1.1087435945504367,1.131114128756362,1.1537835715392661,1.1869245949614178,1.197821075733648,2020-05-15,2020-05-21
75,81,1.1054405998833672,0.03256935601568558,1.0425195118809953,1.0524198352839784,1.0833020379390021,1.1051207550576634,1.1272304974437382,1.159552387895522,1.1701793197379737,2020-05-16,2020-05-22
76,82,1.0633403798164383,0.03160451229340574,1.0022911225471869,1.0118950676200797,1.0418562286186512,1.0630272806713035,1.0844832202527028,1.1158537053042292,1.1261689338664131,2020-05-17,2020-05-23
77,83,1.0095299557974482,0.03060587235277946,0.9504271678758803,0.9597207800857045,0.9887214871863782,1.009220680383216,1.0300012821973838,1.0603941018579994,1.0703903100004373,2020-05-18,2020-05-24
78,84,0.9965994044019164,0.030395996873123513,0.9379072242145328,0.9471350121515709,0.9759326593000567,0.9962903983714333,1.0169293010372273,1.0471178481661074,1.057047619755966,2020-05-19,2020-05-25
79,85,0.9411515028841487,0.029584844015743288,0.8840520819474207,0.8930231861080763,0.9210314595353568,0.9408415238418603,0.9609336375452234,0.9903371905356946,1.0000124871780642,2020-05-20,2020-05-26
80,86,0.9163374790091354,0.029376430894922725,0.8596578528774824,0.8685588510902479,0.8963559872386964,0.9160235764227145,0.9359767853497206,0.9651868616422454,0.9748009645037863,2020-05-21,2020-05-27
81,87,0.9524257256432948,0.030239547028736758,0.8940718453185973,0.9032378826593577,0.931858774251691,0.9521057092422538,0.9726438267692565,1.002705178094185,1.0125982096372732,2020-05-22,2020-05-28
82,88,1.2370632501053402,0.034671904959607196,1.1700326108324006,1.180590827244893,1.2135041983058081,1.236739341844744,1.2602692072629729,1.294640556697448,1.3059346150638593,2020-05-23,2020-05-29
83,89,1.2073138282547669,0.03353649522929908,1.1424702442430268,1.1526858681612862,1.1845277352788708,1.207003319353379,1.2297614332117612,1.2630009654381615,1.2739219915647062,2020-05-24,2020-05-30
84,90,1.1396575877272437,0.0317923640253819,1.0781899294820092,1.0878728471075318,1.1180558707901544,1.1393619703430238,1.1609370500472085,1.1924507090087662,1.2028051986903345,2020-05-25,2020-05-31
85,91,1.1089222773635359,0.030898911230707045,1.0491810684100422,1.0585922483100798,1.0879278036231357,1.1086353024042237,1.1296039176423998,1.1602312068880707,1.1702943253665583,2020-05-26,2020-06-01
86,92,1.1232415068967931,0.030776627705529382,1.0637230644156588,1.0731023868666407,1.102332617242435,1.1229604279374883,1.1438439901759514,1.1743394154209355,1.1843572827920434,2020-05-27,2020-06-02
87,93,1.1219893595358252,0.030413028972942593,1.0631655385707048,1.072437419705411,1.1013290517409011,1.1217145761672418,1.1423501237151592,1.1724786128916513,1.1823747372470221,2020-05-28,2020-06-03
88,94,1.0627574300180336,0.029251435539216726,1.0061920095235828,1.0151051513229117,1.0428840828894077,1.0624890689811524,1.0823382347254578,1.1113251151318604,1.120847909575303,2020-05-29,2020-06-04
89,95,0.8172513997813057,0.025489370838140065,0.7680503399130435,0.7757819210356742,0.7999176924160983,0.81698641785120385,0.8342962497833493,0.8596247594828395,0.8679583116121692,2020-05-30,2020-06-05
90,96,0.7984004341332855,0.025648317189203598,0.7489155486531966,0.7566862969840034,0.7809544654573826,0.798125803383542,0.8155470276660663,0.8410513656549412,0.849446003179542,2020-05-31,2020-06-06
91,97,0.8174359768360938,0.026619377887861603,0.7660887813746295,0.7741493213599323,0.799327459437888,0.8171470462640604,0.8352295310580768,0.861708205028014,0.87042511892460706,2020-06-01,2020-06-07
92,98,0.7841335339560553,0.026615226383244428,0.732829488187361,0.7408749507210349,0.766021479395398,0.7838324279737862,0.8019173536378268,0.828419222006265,0.8371487152940755,2020-06-02,2020-06-08
93,99,0.7537365454495142,0.026681984477768688,0.7023411007537675,0.7103920903273662,0.7355723286316831,0.7534217248364932,0.7715575779229205,0.7981548880271748,0.8069210614086845,2020-06-03,2020-06-09
94,100,0.7348921587496764,0.027033445055061073,0.682855665281453,0.690998588621111,0.7164822056044129,0.7345607048932145,0.7529407965905507,0.7799163547287072,0.7888122449515383,2020-06-04,2020-06-10
95,101,0.7313803288507896,0.02772289982069393,0.6780464886831469,0.6863853991450376,0.7124955008402325,0.731030080754741,0.7498833548546745,0.7775699941601654,0.7867045639344068,2020-06-05,2020-06-11
96,102,0.7252141158019212,0.028379821405880117,0.6706499402696551,0.6791733235485722,0.7058757921936948,0.7248439533382324,0.7441489298489383,0.7725175744241076,0.7818818533863514,2020-06-06,2020-06-12
97,103,0.7207762953304135,0.029088163971647055,0.6648844207559519,0.6736071398451084,0.7009491816652504,0.7203850321982997,0.7401768988346717,0.7692800946441107,0.7788916402582333,2020-06-07,2020-06-13
98,104,0.7262404270399951,0.0300263462052864,0.6685743789158876,0.6775672619594378,0.705768736866462,0.7258266567753187,0.7462610732202475,0.7763250109744392,0.7862578466606507,2020-06-08,2020-06-14
99,105,0.7420010130104148,0.031188628876826226,0.6821234139044765,0.6914563206517902,0.7207332103662939,0.7415640735071045,0.7627925159103988,0.7940361576544486,0.8043616478376212,2020-06-09,2020-06-15
100,106,0.7777988381029854,0.03275123928558678,0.7149236000810817,0.7247231855369298,0.7554650598439269,0.7773391944492175,0.7996315673137961,0.8324423895459235,0.8432861345728113,2020-06-10,2020-06-16
101,107,0.747053701433232,0.0327920179448617,0.6841565404166166,0.6939462676095941,0.7246820885579138,0.7465739529791143,0.7689023512888497,0.8017976152915826,0.812677166954661,2020-06-11,2020-06-17
102,108,0.748431191210657,0.03360555253591224,0.6840061486183857,0.6940260257161391,0.7254987904650037,0.747928273396759,0.7708153736951141,0.8045518710253693,0.8157142014294545,2020-06-12,2020-06-18
103,109,0.7595564678495903,0.034705020840040006,0.6930500178743555,0.7033874016564338,0.7358691176486394,0.7590279623325089,0.782667708241589,0.8175283318249061,0.8290662918319024,2020-06-13,2020-06-19
104,110,0.7526883036461647,0.03536438145362736,0.6849623131319578,0.6954788982411633,0.7285431342476087,0.7521345216290564,0.7762298117047334,0.8117867292803513,0.8235613038674521,2020-06-14,2020-06-20
105,111,0.7561602767454291,0.03629685480171884,0.6866840791639497,0.697464072945087,0.7313721818425121,0.7555795878497418,0.7803153813644521,0.8168372845210282,0.8289363853005719,2020-06-15,2020-06-21
106,112,0.7727972087194099,0.03757468609315113,0.7008975459919197,0.712048287838764,0.7471324936564839,0.7721883128550074,0.7977981869292858,0.8356231517933334,0.8481570730025239,2020-06-16,2020-06-22
107,113,0.7521176041657134,0.03789113749613753,0.6796765850237154,0.6908962000585416,0.7262254587103695,0.7514813906482274,0.7773162375678102,0.8155092164576973,0.8281740562256605,2020-06-17,2020-06-23
108,114,0.7723767352222022,0.039312940726707615,0.6972371689252197,0.7088701067061236,0.7455095753647679,0.7717098457172877,0.798516945208196,0.8381582123813788,0.8513060554242665,2020-06-18,2020-06-24
109,115,0.7826642536674482,0.040470605097057646,0.705343634792426,0.717306810237374,0.7550003852555164,0.7819668025786674,0.8095678597281194,0.8504007963869603,0.863948295545823,2020-06-19,2020-06-25
110,116,0.8461774915541631,0.04295815355359524,0.7640653211284731,0.776779020413064,0.8168200828740583,0.8454506460789111,0.874742594480923,0.9180553289416344,0.9324201302565684,2020-06-20,2020-06-26
111,117,0.8600369640682727,0.043945835982109896,0.7760508871973164,0.7890514405835124,0.8300021234349982,0.859288570883842,0.8892560112841666,0.9335753563368812,0.9482759572669973,2020-06-21,2020-06-27
112,118,0.8899164482831382,0.045236995359549295,0.8034512545845032,0.8168382749531671,0.8590011879293332,0.8891500571965633,0.9199962958947772,0.9656088832711052,0.980736837014866,2020-06-22,2020-06-28
113,119,0.8886166121654235,0.045645169367488254,0.8013947296589572,0.8148933852566643,0.8574182852445675,0.8878351895295655,0.9189631421424846,0.9650053760951222,0.9802791069010385,2020-06-23,2020-06-29
114,120,0.9917450504839944,0.048682849832915674,0.8986116444314941,0.9130503307728421,0.9584892526860144,0.9909485819609151,1.024132645732853,1.0731566275210005,1.0894045835693746,2020-06-24,2020-06-30
115,121,1.0360353571989411,0.04978868188456253,0.9407369658508029,0.9555229311311985,1.0020328636609221,1.0352379026581338,1.0691685713062014,1.1192680026128208,1.1358654846151022,2020-06-25,2020-07-01
116,122,1.0574084660137968,0.05001370425163623,0.9616428317943255,0.9765098900683414,1.0232587418580963,1.0566200482884058,1.0906987600100169,1.140996434563742,1.1576544864276381,2020-06-26,2020-07-02
117,123,0.9350040335882739,0.046691873270325375,0.8457177186648595,0.8595509949562433,0.9031015732724402,0.9342269215898684,0.9660593929116981,1.0131079030897765,1.0287064726575619,2020-06-27,2020-07-03
118,124,0.9244188605995864,0.046630763083300324,0.8352721332724105,0.8490784400155917,0.8925541626582066,0.923634908656575,0.9554290026038436,1.00243344470491,1.0180205788238796,2020-06-28,2020-07-04
119,125,0.9052486037802008,0.0465609640372638,0.8162798073124066,0.8300481028505062,0.8734237999736078,0.9044504498557022,0.9362033726912301,0.9831717144905571,0.9987530914372066,2020-06-29,2020-07-05
120,126,0.8840645384060525,0.046465400543836806,0.79532873317291,0.8090491364393713,0.8522962335684301,0.8832506160567004,0.9149456222866906,0.9618563400439529,0.9774256356380965,2020-06-30,2020-07-06
121,127,0.7854854418951136,0.04432750793768451,0.7009981867269871,0.7140227932061001,0.7551499254469063,0.7846517507807518,0.8149121973988019,0.859791930428806,0.8747103040520046,2020-07-01,2020-07-07
122,128,0.7103557539327594,0.04307164419455934,0.6284370247443918,0.6410247047414621,0.6808494411278883,0.709485409834058,0.7389133634198621,0.7826556791252185,0.7972203467807254,2020-07-02,2020-07-08
123,129,0.7363640378494518,0.04523448326630491,0.6503665801442383,0.6635728449890343,0.7053700741811763,0.7354380011886887,0.7663485938184889,0.8123140840963975,0.8276238342506073,2020-07-03,2020-07-09
124,130,0.7773492495119707,0.04784253906704691,0.6863988712984362,0.7003644748226233,0.7445673611016767,0.7763679685536834,0.8090615126455875,0.8576813246262828,0.8738758992074479,2020-07-04,2020-07-10
125,131,0.7611261884498902,0.04842929964124956,0.6691579789709459,0.6832570236033791,0.7279254901776466,0.7600992743985048,0.7932075269278273,0.8424983199657168,0.858929966797042,2020-07-05,2020-07-11
126,132,0.7680105317045711,0.04978272863781806,0.673529591911793,0.6880004021853026,0.733872155847999,0.7669351549363842,0.8009767265436789,0.8516889448187597,0.8686024240141075,2020-07-06,2020-07-12
127,133,0.8112270305912058,0.05236447965788391,0.7118325476605984,0.7270591343788062,0.7753205730873932,0.8101006050039655,0.845905661881981,0.899237345455542,0.9170225596829507,2020-07-07,2020-07-13
128,134,0.8174297414086041,0.053551602891714026,0.7158318700813261,0.7313843222949027,0.7807007382978628,0.8162606119131345,0.8528843739747858,0.9074632516561899,0.9256713183417036,2020-07-08,2020-07-14
129,135,0.8310728295428511,0.05491883840947583,0.7269113567402191,0.7428491510073943,0.7934009185657586,0.8298634300865716,0.8674264773886696,0.9234219682121367,0.9421068398521848,2020-07-09,2020-07-15
130,136,0.8245118566613331,0.05558857803603832,0.7191522166077272,0.7352564886225974,0.7863682521843158,0.8232629333322022,0.8612941221617574,0.9180275112026671,0.9369686166357204,2020-07-10,2020-07-16
131,137,0.8445424415178796,0.05719963172416975,0.736146405528878,0.7527107919335567,0.8052904586008649,0.8432514438363962,0.882387225380361,0.9407779012152373,0.9602746848643616,2020-07-11,2020-07-17
132,138,0.8904766834991393,0.059630729274360264,0.777429463732645,0.7947149370162381,0.8495639247947516,0.8891459814607087,0.9299389615130477,0.9907776759089437,1.011085743973408,2020-07-12,2020-07-18
133,139,0.9212739512620386,0.06128223165927833,0.8050693477577463,0.8228437954698049,0.8792326057866321,0.9199154969929274,0.9618345637069817,1.024338019023686,1.0451981059890985,2020-07-13,2020-07-19
134,140,0.9253033042199683,0.06182442755787464,0.8080883309993251,0.8260131712484051,0.8828869720694792,0.9239267296427894,0.9662191533686156,1.0292891614882476,1.0503407951926371,2020-07-14,2020-07-20
135,141,0.8866817096026041,0.0608975498370007,0.7713341392563589,0.7889476805084055,0.8448825638896628,0.8852879463430557,0.9269616455271579,0.9891701026741081,1.009949448656878,2020-07-15,2020-07-21
136,142,0.819796607435129,0.059163723997926715,0.7079333846324033,0.7249681252168418,0.7791536469090348,0.8183737895489256,0.8588887065056428,0.9194785762849785,0.9397450537231852,2020-07-16,2020-07-22
137,143,0.8231392416263988,0.060355497522688005,0.709090363010285,0.7264421451691605,0.7816661810942053,0.8216645526013441,0.8630049079220242,0.9248667708442025,0.9455680858225052,2020-07-17,2020-07-23
138,144,0.8457776003603082,0.06235155193455934,0.7279810079579224,0.7458973634219965,0.8029289092169843,0.8442458890061509,0.8869567458882445,0.9508827851897642,0.9722781830187793,2020-07-18,2020-07-24
139,145,0.7922674857337191,0.06130749868421597,0.6766615148179385,0.694193850190175,0.750099716106084,0.7906866758774747,0.8327122155885428,0.8957335686249586,0.9168563873420612,2020-07-19,2020-07-25
140,146,0.7606293469090469,0.061293259485093746,0.6452410615462023,0.6626959570048688,0.7184395923177398,0.7589835980731688,0.8010253014863247,0.8641767182667014,0.8853695177953653,2020-07-20,2020-07-26
141,147,0.7162512161599891,0.06097135254200868,0.6017387970090593,0.6189984728221192,0.6742384270321461,0.7145218856454987,0.7563791382385591,0.8194030779629871,0.8405903755270431,2020-07-21,2020-07-27
142,148,0.7207627765020932,0.06297333617201518,0.60262821610449,0.6204018034093958,0.677347861318748,0.7189296064704268,0.7621796641016001,0.8273770995533087,0.8493140830562552,2020-07-22,2020-07-28
143,149,0.7642680174856052,0.06677440672534625,0.6390028550561919,0.6578492560857381,0.718232578034211,0.7623241973113519,0.8081848284087724,0.8773175810456981,0.9005786808666081,2020-07-23,2020-07-29
144,150,0.6856249645006827,0.06478546959736767,0.5645414748169393,0.5826543386267344,0.6408873855882763,0.6835854971895242,0.7281397344487577,0.7955527128755223,0.8182972664057715,2020-07-24,2020-07-30
145,151,0.6633926183312985,0.06568565710695978,0.5409173995877988,0.5591711621309249,0.617986611895515,0.6612259326307446,0.7064372099447447,0.7750052036647723,0.798179401825381,2020-07-25,2020-07-31
146,152,0.7116692852244204,0.07046575941769258,0.5802812519958651,0.5998633844808474,0.6629589751423871,0.709344924625266,0.75784633468176,0.8314041852390223,0.856264825205283,2020-07-26,2020-08-01
147,153,0.7554073329013198,0.07479647146188044,0.6159444028339718,0.6367300216320854,0.7037033656403728,0.7529401208445926,0.8044223494209962,0.882500946962118,0.9088894818069384,2020-07-27,2020-08-02
148,154,0.8696590292407418,0.08217505417117328,0.716074554422015,0.7390492364612955,0.8129130799798676,0.8670721322433695,0.9235855276557504,1.0090933612562125,1.0379429617926161,2020-07-28,2020-08-03
149,155,0.9069365952826146,0.0849423947145906,0.7481108527943571,0.7718856123554365,0.8482908474142963,0.9042861167963296,0.9626935843049713,1.0510290021325475,1.0808231129772414,2020-07-29,2020-08-04
150,156,0.9670595006471157,0.08828005049235117,0.8017884326186687,0.8265754933187358,0.9061425799645467,0.9643745548514863,1.0250500660843411,1.1167024874046712,1.1475872821209387,2020-07-30,2020-08-05
151,157,1.0432429156383756,0.0918524170591594,0.8709932292433011,0.896894501079056,0.9799083550330983,1.040548439360231,1.1036406931154956,1.1987827926225576,1.2308035839323666,2020-07-31,2020-08-06
152,158,1.0873674189576596,0.09324098694065014,0.912304968683057,0.9386777568913713,1.0231096584686603,1.0847034671247782,1.1487216382761638,1.2451443989204327,1.277567477067899,2020-08-01,2020-08-07
153,159,1.0730350965852264,0.09167557517664325,0.90088372463836075,0.9268244818529745,1.0098607608443162,1.0704254379032037,1.1333650636812393,1.2281478210143275,1.2600155717387522,2020-08-02,2020-08-08
154,160,1.0314402713211162,0.08910286832673835,0.8642026451821759,0.8893837634007598,0.9700252256226403,1.0288756372650267,1.0900600332974213,1.18224530762461,1.2132511228225806,2020-08-03,2020-08-09
155,161,0.9322659106581329,0.084403389731442,0.7741904929669547,0.7979127433774091,0.8740341309461795,0.9297199769872335,0.9877228371474249,1.0753038482748587,1.1048081559626992,2020-08-04,2020-08-10
156,162,0.9216449269682456,0.08448705193454663,0.7635064042860558,0.7872164075584505,0.8633401965689808,0.9190645780608689,0.9771373082209786,1.0648756245016806,1.0944457973436617,2020-08-05,2020-08-11
157,163,0.924286289667656,0.08545029770782298,0.7644099443211243,0.7883653908218725,0.8653062403164783,0.9216543332955932,0.9803977521341881,1.0691854185474348,1.0991182050899102,2020-08-06,2020-08-12
158,164,0.9244853807183521,0.08620870626677403,0.7632574958866133,0.7873998115759666,0.864970919882878,0.9218070981623172,0.9810807737448725,1.070707216584211,1.1009320461901422,2020-08-07,2020-08-13
159,165,0.9154423888177726,0.08650117501495438,0.7537724310687827,0.7779566194704483,0.8557090386190633,0.9127193041520877,0.972207857662169,1.0622172668925658,1.092585659956387,2020-08-08,2020-08-14
160,166,0.9320767242681844,0.08807297197304778,0.7674690914210119,0.7920927262666956,0.8712579703379902,0.9293041589313592,0.9898736680172736,1.081518621685115,1.1124388332396289,2020-08-09,2020-08-15
161,167,1.005490849033707,0.09217319500848192,0.8329657986765104,0.8588328008411885,0.9418818916614953,1.0026757549147427,1.0660316060085837,1.1617518465789638,1.1940121426289432,2020-08-10,2020-08-16
162,168,1.0651159755532367,0.09488807280237384,0.8872700522508803,0.9139904231684853,0.9996724740519591,1.0622995374931656,1.1274897778918094,1.2258490385295313,1.2589658738332317,2020-08-11,2020-08-17
163,169,1.150761370555505,0.0979593132030262,0.9667805752219367,0.994510745511161,1.0832617367582804,1.1479829504871002,1.215232692302434,1.3164897842539405,1.3505302480368797,2020-08-12,2020-08-18
164,170,1.157239142838254,0.09677319868659444,0.9753444167442055,1.0027931215763204,1.0905801543185971,1.1545427364108076,1.2209591916312155,1.3208831744915177,1.354455966467508,2020-08-13,2020-08-19
165,171,1.1663506910641024,0.09555117166391545,0.9865945549549516,1.0137574005138936,1.1005596334069023,1.1637424456931948,1.2292988808892555,1.3278412430730904,1.360928010128259,2020-08-14,2020-08-20
166,172,1.174191948831345,0.09431336691430303,0.9966174016844522,1.023484839135126,1.1092775596231141,1.1716677725380422,1.236355084709711,1.3335095314670828,1.3661100092684275,2020-08-15,2020-08-21
167,173,1.149802263277656,0.0917642106053085,0.9769814637061165,1.00314032653912,1.0866500357864386,1.1473619930790926,1.2102946866177744,1.304788448844661,1.3364897981727575,2020-08-16,2020-08-22
168,174,1.2092167741916666,0.09274269297319648,1.0342724195177933,1.060818196151308,1.1454379726808854,1.2068465891818005,1.2704121320031618,1.3657005060622323,1.397629691298249,2020-08-17,2020-08-23
169,175,1.2871666457160196,0.09387627591687032,1.109740623961538,1.1367431416462785,1.222665906664649,1.2848851561217485,1.3491805837342248,1.445372723872665,1.477557311423363,2020-08-18,2020-08-24
170,176,1.1861560352076335,0.08768317718966238,1.020519239797184,1.0457078866646494,1.1258962842442048,1.1839961605879226,1.2440615523557705,1.3339719126947132,1.3640663706072111,2020-08-19,2020-08-25
171,177,1.2154297777771554,0.08703873422166636,1.0508150682113346,1.0758939006154151,1.1556458175546422,1.21335275260696,1.2729497909261704,1.3620507568372362,1.3918472836994575,2020-08-20,2020-08-26
172,178,1.259967532856476,0.08694602003138101,1.095308416324748,1.1204453870468178,1.200284447171268,1.2579681497325221,1.3174712820137549,1.4063099167888378,1.4359882938567707,2020-08-21,2020-08-27
173,179,1.2626816338238522,0.08493715825521195,1.1016836798592624,1.1262952351571232,1.2044018478188605,1.260777648157172,1.3188860553127355,1.4055628455684939,1.4344991615878864,2020-08-22,2020-08-28
174,180,1.3414298087134362,0.08535313478858716,1.1793424971464663,1.2041910426719395,1.2829159814291706,1.3396199470368584,1.3979708453914341,1.4848422999275208,1.5138018879699215,2020-08-23,2020-08-29
175,181,1.2638075931223924,0.08025186241517446,1.1113977227566287,1.134765018876819,1.208792652023764,1.2621093334942701,1.316971391684131,1.3986431997656257,1.4258680404318418,2020-08-24,2020-08-30
176,182,1.1981954000832875,0.07608548399081079,1.0536980837248924,1.0758522366797914,1.1460366302523757,1.1965853077831328,1.2485991318176801,1.3260308431733303,1.3518422712987677,2020-08-25,2020-08-31
177,183,1.2247320031906148,0.07552021056612393,1.0811739227371002,1.1032155382092843,1.172983800762435,1.2231800948725955,1.2747885802138044,1.3515422667693016,1.377109026316116,2020-08-26,2020-09-01
178,184,1.1634362889006413,0.07215325565262234,1.0263032948656736,1.0473526152534427,1.1139909446979257,1.1619450443547847,1.21125613466936,1.2846068288211154,1.3090434902662127,2020-08-27,2020-09-02
179,185,1.149005689409783,0.07058285842188573,1.014817213195428,1.0354239683634816,1.100643413739431,1.1475607228753957,1.195792908274338,1.2675164134037733,1.2914053991858654,2020-08-28,2020-09-03
180,186,1.149174926835769,0.06967896478904885,1.0166512595038188,1.0370149239910564,1.1014412178160191,1.147766931461043,1.1953738751954552,1.2661378158998593,1.2896997435603885,2020-08-29,2020-09-04
181,187,1.081849464795081,0.06670969581045327,0.9550394915919295,0.9745096367662859,1.0361384317240194,1.080478608820969,1.1260662248053794,1.1938654939555222,1.2164495246334246,2020-08-30,2020-09-05
182,188,1.1627848617977012,0.06863702018199117,1.032136312737037,1.05223683478342,1.1157833280953848,1.161434635936487,1.2083145987955415,1.2779387098487023,1.3011062948294096,2020-08-31,2020-09-06
183,189,1.202933354566222,0.06887976351152125,1.0717050393560061,1.0919223758475904,1.1557859676805033,1.2016189290431503,1.2486479614874277,1.3184280292648938,1.3416311318125838,2020-09-01,2020-09-07
184,190,1.2247759911535605,0.06814835911351318,1.0948346069229788,1.1148786802815907,1.1781477366340185,1.2235122645969716,1.2700267237956988,1.3389840523954908,1.3618987479514337,2020-09-02,2020-09-08
185,191,1.3250610366174058,0.06935686454577374,1.192594513383438,1.2130799982884035,1.277644414356331,1.323851131875625,1.3711587942227499,1.4411692238497449,1.4644031104927213,2020-09-03,2020-09-09
186,192,1.3011176182601016,0.06665827486317424,1.1737337930305196,1.1934500408733624,1.2555584217467504,1.2999794598580698,1.3454361543147606,1.4126676057525311,1.4349692891515529,2020-09-04,2020-09-10
187,193,1.3306993981094601,0.06540030743713435,1.2055881598462368,1.2249835650874872,1.2860230616164077,1.3296281350208556,1.3742079882454368,1.4400694484341368,1.4618983502330198,2020-09-05,2020-09-11
188,194,1.4522938376359051,0.06621889911867332,1.3253901760885627,1.345116785234697,1.4070982728950165,1.451287521087722,1.4963924432448423,1.5629035602758516,1.5849161628455606,2020-09-06,2020-09-12
189,195,1.3760763803186553,0.06178765347476081,1.2576235680182457,1.2760462585338705,1.3339125376291898,1.3751517083740947,1.4172322610079386,1.479260671469764,1.4997838931082528,2020-09-07,2020-09-13
190,196,1.2962113115500393,0.05773784081763266,1.1855025004749544,1.202725465572844,1.2568145823778378,1.2953541298070927,1.334673647413763,1.3926211090560834,1.4117912936121104,2020-09-08,2020-09-14
191,197,1.3463928607650164,0.05720275130843377,1.2365968559634153,1.2537044979053145,1.307381361990128,1.3455828434681734,1.3845213753293961,1.4418442889047285,1.4607920220525505,2020-09-09,2020-09-15
192,198,1.2916815599589297,0.05429342560753831,1.187446135392645,1.203692937398227,1.2546583915069063,1.2909209320226502,1.327875581838742,1.38226477430496,1.4002394738448298,2020-09-10,2020-09-16
193,199,1.4013127594215746,0.05496400849951662,1.2956415275544926,1.3121471397758262,1.3638588244440175,1.400594203045858,1.437983405038654,1.4929294568831775,1.5110674085374904,2020-09-11,2020-09-17
194,200,1.4172567092564226,0.05330142435863801,1.3146992735270606,1.3307380200307237,1.3809505204859382,1.4165885631666448,1.452834558157492,1.5060545195916448,1.5236110962652127,2020-09-12,2020-09-18
195,201,1.4197373183430038,0.051230357682743165,1.321089888666049,1.3365348573933107,1.3848553127692567,1.4191211604790153,1.4539476541487153,1.5050415615187434,1.5218862647563447,2020-09-13,2020-09-19
196,202,1.4059165405431249,0.04897742345675274,1.3115486733752741,1.3263374507797223,1.3725790932684216,1.4053478449982073,1.4386340551261156,1.487435512452474,1.503516208056841,2020-09-14,2020-09-20
197,203,1.3958010798439608,0.04694587061208536,1.305293389782412,1.3194900207017555,1.3638562328400392,1.3952747949747422,1.4271722247444492,1.4739073529529152,1.4892995606898685,2020-09-15,2020-09-21
198,204,1.3403888342005204,0.044311887990941906,1.25493483644126,1.2683445371141604,1.3102407273600576,1.3399005638943906,1.3700046780563966,1.414098673182609,1.4286175935486092,2020-09-16,2020-09-22
199,205,1.3738012461752307,0.043421704475677184,1.290003533767817,1.30316761247555,1.3442697381630038,1.3733437969952789,1.4028340881766421,1.4459952868739683,1.4601985717582358,2020-09-17,2020-09-23
200,206,1.3003864553749434,0.040816843491787956,1.2216072029384115,1.233984936577384,1.2726280904762428,1.2999594240097732,1.3276793126151056,1.3682446227196672,1.3815924616574513,2020-09-18,2020-09-24
201,207,1.296475547822174,0.03957896828816592,1.220052878674323,1.2320680608035535,1.2695649514927918,1.2960728128354786,1.3229471214667017,1.362256805525983,1.375186899760023,2020-09-19,2020-09-25
202,208,1.3377687686372481,0.039126751958918904,1.262171325508444,1.2740681166887848,1.311174376573725,1.3373873312454814,1.3639473538400984,1.402770542455489,1.415533865602826,2020-09-20,2020-09-26
203,209,1.3896550653257846,0.038646285004043726,1.3149327759581304,1.3267044344429053,1.3633969505436974,1.3892968308946683,1.4155226661573124,1.453827669891501,1.4664131515543732,2020-09-21,2020-09-27
204,210,1.3828523120781968,0.03715787876786142,1.310974455919067,1.3223059151068988,1.357611598491089,1.3825195098810577,1.4077302351372887,1.4445339305210902,1.456621438449256,2020-09-22,2020-09-28
205,211,1.4186491084530615,0.036268473254767807,1.3484464623239842,1.3595245500234467,1.3940208461462502,1.4183400465469886,1.442940459182306,1.4788279074803847,1.4906081134266793,2020-09-23,2020-09-29
206,212,1.4001600273164305,0.034637907561006966,1.333086192024379,1.3436770375415987,1.376644034438772,1.3998744073169935,1.4233646625753622,1.4576172948265609,1.4688570049830019,2020-09-24,2020-09-30
207,213,1.3929674965321046,0.03324135565432652,1.3285702009014282,1.3387450132194794,1.3704047450585741,1.3927030848998612,1.4152420095804892,1.4480919135675472,1.458867410873726,2020-09-25,2020-10-01
208,214,1.3489945103008392,0.03151718693825613,1.2879223264331967,1.2975753402450543,1.3276048205162856,1.3487490680035308,1.3701166402201128,1.4012509077354947,1.4114615129041093,2020-09-26,2020-10-02
209,215,1.2521336795807414,0.02936660608757052,1.1952312853205183,1.2042246288206717,1.2322030552252552,1.2519041062662897,1.2718140430819898,1.3008258271037485,1.3103407110069636,2020-09-27,2020-10-03
210,216,1.1753953548533416,0.027773855850321244,1.1215838355167422,1.130087562750371,1.156544843066936,1.1751766024884933,1.194007401890018,1.2214493324464626,1.2304500170878272,2020-09-28,2020-10-04
211,217,1.1187430347402338,0.026674569844620907,1.0670668208725864,1.0752318174439424,1.1006376204310546,1.118531038276829,1.1366173490496474,1.1629773925310511,1.1716239983905428,2020-09-29,2020-10-05
212,218,1.089941712278351,0.026069491451375337,1.039439572349515,1.0474186194647785,1.0722466527661505,1.0897338738431388,1.1074102045285308,1.1331737621622324,1.1416249723744825,2020-09-30,2020-10-06
213,219,1.104929874568504,0.026065176940175024,1.054427917608599,1.0624088743652043,1.0872392484960938,1.1047249230882321,1.1223970804020755,1.1481499841020735,1.1565965457169587,2020-10-01,2020-10-07
214,220,1.1024572192679083,0.025813644736053284,1.052438291735453,1.0603439386958626,1.0849381056651517,1.1022557533697404,1.1197567122668954,1.1452577194830247,1.153621052971505,2020-10-02,2020-10-08
215,221,1.0654897692185479,0.025141785557485648,1.016777064720991,1.0244752238257748,1.0484258265899826,1.0652920233748036,1.0823381465667021,1.1071788448192652,1.1153262391494072,2020-10-03,2020-10-09
216,222,1.0369625764240262,0.024654668454456713,0.9891978955527763,0.996745235049385,1.020228466520283,1.0367671877237583,1.0534836906424305,1.077846407591519,1.0858376272513024,2020-10-04,2020-10-10
217,223,1.094363737326667,0.0252597796415884,1.0454099986170846,1.053149194067137,1.077221998778659,1.0941693972129818,1.111293623104096,1.1362411934366878,1.144421887457924,2020-10-05,2020-10-11
218,224,1.0844356277295841,0.024950990931936513,1.0360785753658668,1.0437238544295944,1.067503761210245,1.0842442739971603,1.101158896956037,1.1258001270344091,1.133880120317071,2020-10-06,2020-10-12
219,225,1.0799342777987548,0.024684615081385284,1.0320899298686637,1.0396549929110832,1.0631838303652419,1.0797462072944657,1.0964797069973258,1.1208550892609643,1.128847407855854,2020-10-07,2020-10-13
220,226,1.072177316348899,0.024411839219662234,1.0248595938488025,1.0323418801376427,1.0556123514587705,1.0719920486155974,1.0885403183237892,1.1126447186000215,1.1205478932186101,2020-10-08,2020-10-14
221,227,1.046709496412652,0.02395649070227452,1.0002771019773227,1.0076187471436031,1.0304530123117515,1.0465267345830382,1.0627667493440867,1.0864236638608784,1.0941805043953237,2020-10-09,2020-10-15
222,228,1.0256642844157051,0.023611266479865993,0.9799040019966055,0.9871386649847962,1.0096415109102062,1.0254831093462349,1.0414895565291453,1.0648079094539122,1.0724541629351405,2020-10-10,2020-10-16
223,229,1.0260098265344073,0.023569312414144554,0.9803297591784745,0.9875519998949439,1.0100157251663315,1.0258293555167093,1.0418071939963855,1.065083257185633,1.0727154889782593,2020-10-11,2020-10-17
224,230,1.009899336581696,0.02334130667373315,0.9646643068359536,0.9718154412297888,0.9940593815796059,1.0097195168948387,1.0255432677322862,1.0485966142138166,1.0561562598967464,2020-10-12,2020-10-18
225,231,1.0570366400745004,0.0238638516190881,1.0107767060869435,1.0180927650567377,1.0408443272625316,1.0568570606134178,1.073033190795051,1.0965930778613084,1.1043171027735093,2020-10-13,2020-10-19
226,232,1.0775921593241313,0.023982047745858107,1.0310957537052088,1.0384509543635647,1.0613210030541007,1.0774142559849509,1.0936693806008728,1.1173402095958247,1.1250995686371101,2020-10-14,2020-10-20
227,233,1.04067884435023,0.023381614088298506,0.9953513021327117,1.002520477041829,1.024814190597287,1.0405037395701622,1.0563526139023127,1.0794345108463197,1.0870014862608903,2020-10-15,2020-10-21
228,234,1.0634768088360114,0.023528478312346925,1.0178568388969034,1.0250740960870182,1.0475139304893537,1.063303298319432,1.0792505408426065,1.102471382540076,1.1100828186489833,2020-10-16,2020-10-22
229,235,1.1110575542869479,0.023917227601730158,1.0646701856438803,1.0720120856260753,1.094833449178586,1.1108859405953835,1.1270945806966008,1.1506884135722326,1.15842018369191,2020-10-17,2020-10-23
230,236,1.119842607293583,0.02375663690591007,1.0737596232225937,1.0810550274086563,1.1037287467488766,1.1196746185841726,1.1357733407301267,1.1592032126043241,1.166880251933234,2020-10-18,2020-10-24
231,237,1.1058822209447705,0.0233192269068087,1.0606448797356087,1.0678070846423366,1.0900655763440297,1.10571831801352,1.1215201923849563,1.1445164456803982,1.1520510037775493,2020-10-19,2020-10-25
232,238,1.0925737609097428,0.022931783754866045,1.0480858874384085,1.0551299405583323,1.0770203016348618,1.0924133284230693,1.1079523301932444,1.1305648316672834,1.137973353912266,2020-10-20,2020-10-26
233,239,1.0892235042760126,0.022692156339083593,1.0451971442915076,1.0521689218554149,1.0738331947594923,1.0890659239107305,1.1044420329174316,1.1268156082284229,1.134145375584613,2020-10-21,2020-10-27
234,240,1.0589616047757908,0.02218724372678983,1.0159173648731064,1.0227330234932928,1.0439132734984706,1.0588066539339955,1.0738410216833507,1.0957187380503448,1.1028864126639968,2020-10-22,2020-10-28
235,241,1.0193580828606932,0.021644422363023635,0.9773727550597248,0.984019364934572,1.0046768407368902,1.019204892171822,1.0338723294321681,1.0552193487628014,1.062213975767876,2020-10-23,2020-10-29
236,242,1.0205591784478911,0.02162609390194807,0.9786085173342327,0.9852498495525042,1.005890532278935,1.020406427060753,1.0350613079470072,1.0563895568144415,1.0633779081864243,2020-10-24,2020-10-30
237,243,1.0272740272716616,0.021676114276907767,0.9852244777466613,0.9918819062237886,1.0125717966552508,1.0271215715104707,1.0418100634697847,1.0631861893722963,1.0701899654547748,2020-10-25,2020-10-31
238,244,1.054730450356291,0.021916550820652855,1.0122077571265216,1.0189416903532997,1.039866382347307,1.0545786507796044,1.0694290392114414,1.0910370130683376,1.098115803369455,2020-10-26,2020-11-01
239,245,1.0420953258391146,0.021677414162763035,1.000037072467405,1.006697346271657,1.0273933571917384,1.041945020257124,1.0566334439638567,1.0780060119609431,1.0850077487816574,2020-10-27,2020-11-02
240,246,1.0064777380064915,0.02120898965185972,0.9653337954269523,0.9718479802225056,0.9920924487100092,1.0063287665368055,1.0207006311609983,1.0416156515915107,1.0484682684266355,2020-10-28,2020-11-03
241,247,1.0181837038106016,0.021318836514070537,0.9768239321431401,0.9833729372897586,1.0037244150675582,1.0180349156697768,1.0324807962397262,1.0535020007654878,1.0603890215420553,2020-10-29,2020-11-04
242,248,1.0683712329109207,0.021817128835818413,1.0260339790951476,1.032740316785826,1.0535759749627094,1.0682227279307492,1.0830046031413842,1.1045087135260288,1.111552423849183,2020-10-30,2020-11-05
243,249,1.1035286218603044,0.022035344046933046,1.0607583904821154,1.0675355731216558,1.0885871449418765,1.1033819575137085,1.118310217496837,1.140021956466796,1.1471323304398584,2020-10-31,2020-11-06
244,250,1.1072450926165325,0.021841235543964162,1.0648465737857464,1.071566055206839,1.0924361703759626,1.1071014843729465,1.1218974650491755,1.1434139912150745,1.1504597212537737,2020-11-01,2020-11-07
245,251,1.1271333589213444,0.021792818921797324,1.0848206995465977,1.0915285036052382,1.112358771662997,1.1269929092782123,1.141754839561056,1.1632173011059095,1.1702441782787363,2020-11-02,2020-11-08
246,252,1.144502236305836,0.021687228028781667,1.1023866140990544,1.1090650763601149,1.1298007153953666,1.144365255111296,1.159054431562244,1.1804066518816716,1.1873963078260485,2020-11-03,2020-11-09
247,253,1.184051558474663,0.021744942565862846,1.1418117448454743,1.1485127778677793,1.1693131632213938,1.183918446851189,1.1986448462879369,1.2200443951924906,1.2270478312719078,2020-11-04,2020-11-10
248,254,1.2005499942321662,0.021507083711177138,1.158762987562363,1.1653943805157554,1.185974533257183,1.2004215681346249,1.214985455491522,1.23614368125822,1.2430668328763859,2020-11-05,2020-11-11
249,255,1.1827898340194705,0.02092532210763394,1.142128710873648,1.148582487767961,1.168609462735275,1.182666436221482,1.1968356870071954,1.2174181015679448,1.224152213913758,2020-11-06,2020-11-12
250,256,1.135413156561633,0.020131312372709615,1.0962956628232285,1.1025042559234255,1.1217707195454893,1.1352941801388754,1.1489258951111105,1.1687278967800414,1.1752067808248439,2020-11-07,2020-11-13
251,257,1.1333539057092408,0.019846784140498203,1.094785143914248,1.1009076277679584,1.1199050559234955,1.1332380584938704,1.1466764682139576,1.166195349199141,1.1725810151360385,2020-11-08,2020-11-14
252,258,1.0922689480100025,0.019248710973917588,1.0548644759762065,1.0608016536832676,1.0792249933400944,1.0921558787714762,1.1051896437363133,1.124121931957645,1.1303159806914667,2020-11-09,2020-11-15
253,259,1.0690847556704173,0.018875347553462127,1.032406403181981,1.038228183843076,1.0562937017653504,1.0689736724404788,1.0817547156212257,1.1003202426621386,1.1063943825183205,2020-11-10,2020-11-16
254,260,1.0219793334402116,0.01834641553362103,0.9863339759136792,0.991990563534283,1.0095457515845185,1.0218695515287295,1.0342932399635936,1.052342579613489,1.0582485699865392,2020-11-11,2020-11-17
255,261,1.0066202725983013,0.018179402166905247,0.9713012778739958,0.9769056301550393,0.9942995296613717,1.0065108356756602,1.0188217162927156,1.0367082145275597,1.0425611857766386,2020-11-12,2020-11-18
256,262,0.9798616926324334,0.017946666455444158,0.9449992318216739,0.9505301031337109,0.9676978687625131,0.979752127362212,0.9919060773719555,1.009567019440683,1.0153468012097326,2020-11-13,2020-11-19
257,263,1.0106743382510706,0.018276477589877008,0.9751671564317964,0.980801272182377,0.998287727825377,1.0105641731376387,1.0229408556222248,1.0409231877337024,1.0468075767488514,2020-11-14,2020-11-20
258,264,1.018619522496855,0.01835127090036169,0.9829658506803619,0.9886234918231696,1.0061824419790155,1.0185093201893491,1.030936469407275,1.0489914634521504,1.0548994623811696,2020-11-15,2020-11-21
259,265,1.005734293700098,0.01820203130164878,0.9703720015119232,0.9759830658313877,0.993398090385548,1.0056244875236715,1.0179507952455775,1.0358600806163887,1.041720602761545,2020-11-16,2020-11-22
260,266,1.0078256724865542,0.018210082720153155,0.9724472249897234,0.9780609746630939,0.9954841078515182,1.0077159972039385,1.0200476780392957,1.0379644828645969,1.04382739300942,2020-11-17,2020-11-23
261,267,0.99907288640795755,0.0181230722940845,0.963864712520481,0.9694511514336897,0.9867900628485493,0.998963305032225,1.0112362532619967,1.0290684136167267,1.0349037996382882,2020-11-18,2020-11-24
262,268,1.023745256366713,0.018348575028269972,0.9880951984134407,0.9937526518542341,1.0113103048595136,1.0236356380172105,1.03606071084068,1.0541117792194714,1.0600182638424613,2020-11-19,2020-11-25
263,269,1.076559389266295,0.018780372994284446,1.0400618168054534,1.0458557996929445,1.063833397954517,1.0764501845622385,1.0891663344200253,1.1076354861643114,1.1136775606788538,2020-11-20,2020-11-26
264,270,1.0649104364889008,0.018540520641316973,1.0288783825148085,1.0345986088836,1.0523470875371366,1.0648028391052893,1.077356491450372,1.095589288698197,1.1015539551894098,2020-11-21,2020-11-27
265,271,1.068822751065881,0.018438944238802775,1.0329853128831172,1.0386753062112224,1.056328751284822,1.0687167189330906,1.0812011631518443,1.099331881299221,1.105262758859566,2020-11-22,2020-11-28
266,272,1.1100134658749425,0.0186642574964755,1.073730338846712,1.0794929432696418,1.0973682449950355,1.1099088579334973,1.1225446515584114,1.140890815783387,1.1468910690943626,2020-11-23,2020-11-29
267,273,1.1162889143455934,0.018520124972089026,1.0802820329099703,1.0860017010981973,1.1037420802048838,1.1161864947929465,1.1287240988763052,1.1469254900872534,1.1528778356385199,2020-11-24,2020-11-30
268,274,1.0986077657707474,0.018154466653661758,1.063310659741269,1.0689178512069741,1.0863088665180676,1.0985077666822625,1.110797654004384,1.1286387863995162,1.134473156422566,2020-11-25,2020-12-01
269,275,1.0956752243256485,0.017949833153892147,1.0607735425561486,1.0663184975124091,1.083515410286169,1.0955772051990857,1.1077281857305956,1.1253663033639807,1.1311339388288262,2020-11-26,2020-12-02
270,276,1.0662832006243788,0.01754619344461418,1.0321675773813406,1.0375873582323343,1.0543965979034375,1.0661869585367396,1.078064887902839,1.0953073336029515,1.1009457578529256,2020-11-27,2020-12-03
271,277,1.079246136412378,0.01753770861274475,1.0451435767199775,1.0505620984336033,1.0673659220454506,1.0791511422000148,1.0910227956544218,1.1082542083493794,1.113888538588016,2020-11-28,2020-12-04
272,278,1.0785241264354164,0.017409142472019343,1.0446697705384955,1.0500492824653216,1.0667313391512758,1.0784304572090582,1.0902148029804346,1.107318484709309,1.1129107950779795,2020-11-29,2020-12-05
273,279,1.0387376628841192,0.016955734066804496,1.005767955156218,1.0110061971684419,1.0272514624752411,1.0386454059110495,1.0501232920940744,1.0667838255880142,1.0722316576258546,2020-11-30,2020-12-06
274,280,1.0425413799816716,0.01692116264478716,1.0096374002603459,1.014865554655344,1.0310788778050308,1.0424498340470625,1.053904086069737,1.0705294768739881,1.0759656059772846,2020-12-01,2020-12-07
275,281,1.0656929246245117,0.017051632454961465,1.0325315013690102,1.0378014501145634,1.0541427389161424,1.0656019810543529,1.0771439708767039,1.093894615968205,1.0993711710266132,2020-12-02,2020-12-08
276,282,1.0371406889885688,0.01672155184219919,1.004623142102824,1.0097903044533125,1.0258137251916535,1.0370508246170813,1.0483696897950532,1.064797609118466,1.0701689260182434,2020-12-03,2020-12-09
277,283,1.0257547182551383,0.01656383284586266,0.9935442771587281,0.9986625446874706,1.0145345170786388,1.0256655623345332,1.0368777287398785,1.0531510108279396,1.0584718234354789,2020-12-04,2020-12-10
278,284,1.0056171351739207,0.016367192370941072,0.9737910791133159,0.9788477937846113,0.994529764838599,1.0055283403529358,1.0166077084690317,1.0326893638310253,1.037947803199379,2020-12-05,2020-12-11
279,285,1.0054115363229466,0.01636167912518018,0.973596167189524,0.9786511918433134,0.9943279070051284,1.0053227831665013,1.0163984140197557,1.0324746259487032,1.0377312806463148,2020-12-06,2020-12-12
280,286,1.031687156618248,0.01657556023149382,0.9994526234302769,1.0045750250822358,1.0204592514626938,1.0315983877855373,1.0428182930484735,1.0591020867630332,1.0644261541255196,2020-12-07,2020-12-13
281,287,1.0792670188185425,0.016909018269806963,1.046377577045178,1.0516055796387085,1.0678144372680805,1.0791787148323948,1.0906233383536532,1.1072296709531897,1.1126582833154892,2020-12-08,2020-12-14
282,288,1.100940901321826,0.01694758345258409,1.0679720338747005,1.0732137110387046,1.0894630234969551,1.1008539403865936,1.1123239812001307,1.1289647232774578,1.134403959121535,2020-12-09,2020-12-15
283,289,1.1340767834778134,0.01702158066515793,1.1009577327216655,1.1062247696179632,1.1225499552209393,1.1339916245349086,1.145510778152281,1.1622192822325506,1.1676797841147575,2020-12-10,2020-12-16
284,290,1.127793479437775,0.016748997641086238,1.0952022749045347,1.100385966144448,1.116451712737623,1.127710566723614,1.1390448612073762,1.1554838155286424,1.160855868783327,2020-12-11,2020-12-17
285,291,1.1197448468480125,0.01647039830564975,1.0876935297348516,1.0927918807165558,1.1085921533293266,1.1196640931707211,1.1308095090398862,1.1469732711001748,1.1522550792033395,2020-12-12,2020-12-18
286,292,1.0866961127606174,0.016034664994666718,1.0554934384705215,1.0604566288778994,1.0758383374151446,1.0866172476694638,1.097467915570567,1.1132046126272648,1.1183469696350132,2020-12-13,2020-12-19
287,293,1.0893242833685026,0.01591654281731437,1.0583492861852912,1.0632767807392984,1.0785469019842668,1.089246763406875,1.100017158563463,1.1156362136169315,1.1207398189202986,2020-12-14,2020-12-20
288,294,1.038686350692166,0.015417158356229439,1.0086865988333702,1.0134581433060057,1.028246475969348,1.0386100730400436,1.0490430735075957,1.0641747480763761,1.0691195809586214,2020-12-15,2020-12-21
289,295,1.063342904950632,0.015538577518900486,1.0331034846782916,1.0379139583584271,1.0528214464453174,1.063267217752381,1.0737818552018155,1.0890300274400355,1.094012448176092,2020-12-16,2020-12-22
290,296,1.0198206472617355,0.01514214070639466,0.9903561141494288,0.9950425137557973,1.009566990113757,1.019745705512541,1.0299926087990903,1.0448544138797173,1.0497110669757426,2020-12-17,2020-12-23
291,297,0.9862637168312046,0.01485835772135003,0.957354463267548,0.9619518128338557,0.9762016511203027,0.9861891026345933,0.9962444440160795,1.010830136637583,1.015596995512527,2020-12-18,2020-12-24
292,298,0.9938036488818104,0.014946528326318959,0.964722481569915,0.969347256624379,0.9836819421687759,0.9937287193540415,1.003843673318117,1.0185156325705,1.023310633311374,2020-12-19,2020-12-25
293,299,1.0307196206888654,0.015246931294167319,1.0010503760606109,1.005769526540895,1.020395153726074,1.0306444415310052,1.0409621332335737,1.0559261577692147,1.0608161010978145,2020-12-20,2020-12-26
294,300,0.9963294430365931,0.014954103840933647,0.9672331015238238,0.9718603930915505,0.9862026874725379,0.9962546276771836,1.0063746407795189,1.0210536949730264,1.0258509528644326,2020-12-21,2020-12-27
295,301,1.0342420917330388,0.015232519616394602,1.0045999581725662,1.0093150182476696,1.023927558086107,1.0341673101859663,1.0444751044023117,1.059424251861781,1.0643092015012965,2020-12-22,2020-12-28
296,302,1.077709925131237,0.015510230492914204,1.0475224054569239,1.0523253994194444,1.0672082717816853,1.0776355191179647,1.0881304668618725,1.103348256493628,1.1083202869438862,2020-12-23,2020-12-29
297,303,1.044639371487195,0.01515243685410168,1.015149856273938,1.0198414059765704,1.0343796674561418,1.0445661106451885,1.0548192122816828,1.0696872363697476,1.0745452209246396,2020-12-24,2020-12-30
298,304,1.0978616365577623,0.01545058487532941,1.0677855201962476,1.0725719036851682,1.0874012448686459,1.0977891569413227,1.1082430166182824,1.1233986039552424,1.128349647578941,2020-12-25,2020-12-31
299,305,1.1157349237222973,0.015438354683416214,1.0856791404365527,1.0904631145531765,1.105283462734518,1.115663718012686,1.1261087617833232,1.1412496219966166,1.1461953622119978,2020-12-26,2021-01-01
300,306,1.1329532878726323,0.015372061859314513,1.1030226321350984,1.107787625429252,1.1225474426419504,1.1328837652334982,1.1432833449159194,1.158356098306768,1.1632790341231567,2020-12-27,2021-01-02
301,307,1.1282501453737177,0.01513782103405284,1.0987733992623145,1.1034666474393757,1.1180032731942358,1.1281824443170894,1.138423215106627,1.1532645777117556,1.1581116301386707,2020-12-28,2021-01-03
302,308,1.0916975248575136,0.014699081466939443,1.06307576585846,1.067632726538117,1.0817475136920924,1.0916315539972403,1.1015756197045365,1.1159873557264437,1.1206941899630705,2020-12-29,2021-01-04
303,309,1.0501410751480729,0.014283998523626693,1.0223294274517452,1.0267569628636068,1.040471688911457,1.0500763123012737,1.05973986195515,1.0737460993435175,1.0783207639082313,2020-12-30,2021-01-05
304,310,1.1374147440302218,0.014797849643969695,1.1085942671003823,1.1131843888701276,1.1273990750102556,1.1373505709691372,1.147360456533252,1.161863999271138,1.1665999104007099,2020-12-31,2021-01-06
305,311,1.269862950689565,0.015451702018933327,1.239756643048948,1.2445545006816485,1.259407056718183,1.2698002790970089,1.280250524894894,1.2953851791106399,1.3003254151625552,2021-01-01,2021-01-07
306,312,1.2629149848164527,0.015013439705890934,1.2336585934250859,1.238321957304191,1.252756406778879,1.2628554924286746,1.273008708803003,1.2877109461826473,1.2925094659438856,2021-01-02,2021-01-08
307,313,1.1990776804121506,0.014233441361418915,1.1713410179809745,1.175762199239067,1.189446919223895,1.19902136235909,1.2086470479657045,1.2225852674992106,1.227134393130544,2021-01-03,2021-01-09
308,314,1.1461745832027601,0.01363720686146724,1.1196001603130212,1.1238359968646499,1.1369471841362315,1.1461204984081417,1.1553430231630755,1.1686976576112704,1.1730563649759633,2021-01-04,2021-01-10
309,315,1.1317766231626476,0.01336412653191973,1.1057332007565104,1.1098846704703336,1.1227342143982773,1.1317240219695222,1.140761690126788,1.1538480032260292,1.1581189732902952,2021-01-05,2021-01-11
310,316,1.1193990373057816,0.013133999980803548,1.0938031382778701,1.0978834933055284,1.1105125124667583,1.119347670294729,1.128229565753203,1.1410897987701394,1.145286850319008,2021-01-06,2021-01-12
311,317,1.0733560577513062,0.012720489237770452,1.048567448195388,1.0525187696338711,1.0647490476925368,1.0733058074177937,1.081908288738627,1.0943647542484631,1.0984302353070385,2021-01-07,2021-01-13
312,318,0.9493767084772506,0.011882070738878743,0.9262294491350724,0.9299173506715764,0.9413355829970684,0.9493271383072728,0.9573637963689181,0.9690051545782372,0.9728056704550935,2021-01-08,2021-01-14
313,319,0.9315793214717776,0.011833932608398708,0.9085279495871198,0.9122000717903026,0.9235703770855892,0.9315292127948558,0.9395336412366743,0.9511294963482374,0.954915456259636,2021-01-09,2021-01-15
314,320,0.932281670308243,0.011951346952020953,0.9090029098526344,0.9127109405228438,0.9241930141552335,0.9322306008702445,0.9403146544961153,0.9520266025335881,0.9558506535710904,2021-01-10,2021-01-16
315,321,0.9249290479940934,0.0120019484290045,0.9015535149185555,0.9052765347159627,0.9168058092702335,0.9248771357856128,0.9329956960347898,0.9447586384816924,0.9485995932470938,2021-01-11,2021-01-17
316,322,0.9453268155489873,0.012233717338799306,0.921499473626765,0.9252945494421579,0.9370467854797496,0.9452740428457512,0.9535493168888654,0.9655390940894022,0.9694540597625118,2021-01-12,2021-01-18
317,323,0.9546696252049097,0.01237017262614736,0.9305767040260049,0.9344140340928435,0.9462972034455236,0.9546161967223638,0.9629838033555095,0.9751074656731231,0.9790661754054167,2021-01-13,2021-01-19
318,324,0.9453518886207104,0.012365202653698082,0.9212700881824498,0.9251053041712223,0.9369825603882707,0.9452979768839772,0.9536624464423634,0.9657823708528569,0.9697400643561412,2021-01-14,2021-01-20
319,325,0.9151251661944145,0.01222996643116277,0.8913100529132074,0.8951020097513693,0.9068467516269357,0.9150706853061625,0.9233441899166249,0.9353341618543867,0.9392498891775828,2021-01-15,2021-01-21
320,326,0.8898422141274052,0.01216112693076659,0.8661646499290349,0.8699338730074241,0.8816097408942414,0.8897868142790372,0.8980142947477994,0.909939529128055,0.9138346103580718,2021-01-16,2021-01-22
321,327,0.8795162911383234,0.01222848482728032,0.8557103410001513,0.8594993454798049,0.8712377031691078,0.8794596182718284,0.8877330987587907,0.8997265530637442,0.9036443077222756,2021-01-17,2021-01-23
322,328,0.9185864155193625,0.01265481845820168,0.8939489625088702,0.8978706753402447,0.9100194901186373,0.9185283035383625,0.9270899917554313,0.9395003809113318,0.9435541133395633,2021-01-18,2021-01-24
323,329,0.8557416451670813,0.01232080312858149,0.8317617693255097,0.8355770776950704,0.8473994734248236,0.8556825150446227,0.8640193578726436,0.8761079108426912,0.8800575517441629,2021-01-19,2021-01-25
324,330,0.8112399771484015,0.012156904262575898,0.787585900001049,0.7913477544940688,0.803007505641007,0.8111792518560508,0.8194062507165831,0.8313393392938894,0.8352391501512815,2021-01-20,2021-01-26
325,331,0.8020859150098488,0.012326661303804913,0.7781060283470967,0.7819186302980521,0.7937376471771417,0.802022769466784,0.8103653465551808,0.8224685949209339,0.8264246515218687,2021-01-21,2021-01-27
326,332,0.7082904206720141,0.011826212540079716,0.6852990583807193,0.6889509363845773,0.7002782905058388,0.7082246016293485,0.716230800184708,0.7278544197590445,0.7316558258438062,2021-01-22,2021-01-28
